<?xml version="1.0" encoding="UTF-8"?>
<project-private xmlns="http://www.netbeans.org/ns/project-private/1">
    <editor-bookmarks xmlns="http://www.netbeans.org/ns/editor-bookmarks/2" lastBookmarkId="0"/>
    <open-files xmlns="http://www.netbeans.org/ns/projectui-open-files/2">
        <group>
            <file>file:/C:/Users/Ricardo/Desktop/2021.1/Embarcado/Mplab/Embarcado.X/rtc.c</file>
            <file>file:/C:/Users/Ricardo/Desktop/2021.1/Embarcado/Mplab/Embarcado.X/main.c</file>
            <file>file:/C:/Users/Ricardo/Desktop/2021.1/Embarcado/Mplab/Embarcado.X/pic18f4520.h</file>
            <file>file:/C:/Users/Ricardo/Desktop/2021.1/Embarcado/Mplab/Embarcado.X/adc.c</file>
        </group>
    </open-files>
</project-private>
